sku,mpn,_type,_attribute_set,_category,_root_category,status,is_purchaseable,manufacturer,brand,suppliers,name,description,short_description,map,price,_group_price_website,_group_price_customer_group,_group_price_price,donation_cost,donation_percent,tax_class_id,_product_websites
Andis-Bundle-1,Andis-Bundle-1,simple,Pet,Brands/Andis,Default Category,1,Yes,Andis Co,Andis Co,Direct,"Andis Excel Pro-Animal 5-Speed Detachable Blade Clipper Kit - Professional Pet Grooming, Burgundy, SMC (65360) + Andis Aluminum Grooming Case with Wheels","This Bundle Contains: 1 Andis Excel Pro-Animal 5-Speed Detachable Blade Clipper Kit - Professional Pet Grooming, Burgundy, SMC (65360) + 1 Andis Aluminum Grooming Case with Wheels<br><b>Andis Excel Pro-Animal 5-Speed Detachable Blade Clipper Kit - Professional Pet Grooming, Burgundy, SMC (65360)</b><br>A powerful, rotary motor clipper for complete animal grooming. Variable 5-Speed clipping - use lower speeds for cooler running and clipping around sensitive areas and higher speeds for a prettier coat finish. Soft-grip anti-slip housing for comfort and safety. Detachable blades for easy changing and cleaning. CeramicEdge blade runs cooler and lasts longer.<br><br><b>Andis Aluminum Grooming Case with Wheels</b><br>Durable wheeled aluminum case for the groomer on the go. Telescoping handle. Large compartment for clippers and bigger items. 2 extendable trays and slide out drawer and 12 pouches for brushes, combs and shears. Keyed lock design for added security.<br>","This Bundle Contains: 1 Andis Excel Pro-Animal 5-Speed Detachable Blade Clipper Kit - Professional Pet Grooming, Burgundy, SMC (65360) + 1 Andis Aluminum Grooming Case with Wheels",372.66,372.66,all,1,354.03,18.63,5%,2,land_of_the_free
Andis-Bundle-2,Andis-Bundle-2 -Tile,simple,Pet,Brands/Andis,Default Category,1,Yes,Andis Co,Andis Co,Direct,"Andis Excel Pro-Animal 5-Speed Detachable Blade Clipper Kit - Professional Pet Grooming, Burgundy, SMC (65360) + Andis Aluminum Grooming Case with Wheels + Tile Pro (2020) - 1 Pack","This Bundle Contains: 1 Andis Excel Pro-Animal 5-Speed Detachable Blade Clipper Kit - Professional Pet Grooming, Burgundy, SMC (65360) + 1 Andis Aluminum Grooming Case with Wheels + 1 Tile Pro (2020) - 1 Pack<br><b>Andis Excel Pro-Animal 5-Speed Detachable Blade Clipper Kit - Professional Pet Grooming, Burgundy, SMC (65360)</b><br>A powerful, rotary motor clipper for complete animal grooming. Variable 5-Speed clipping - use lower speeds for cooler running and clipping around sensitive areas and higher speeds for a prettier coat finish. Soft-grip anti-slip housing for comfort and safety. Detachable blades for easy changing and cleaning. CeramicEdge blade runs cooler and lasts longer.<br><br><b>Andis Aluminum Grooming Case with Wheels</b><br>Durable wheeled aluminum case for the groomer on the go. Telescoping handle. Large compartment for clippers and bigger items. 2 extendable trays and slide out drawer and 12 pouches for brushes, combs and shears. Keyed lock design for added security.<br><br><b>Tile Pro (2020) - 1 Pack</b><br>The updated Tile Pro is our most powerful and durable Bluetooth tracker, made for finding all your things. The polished Pro has a 400 ft Bluetooth range and the loudest ring, making it easier than ever to keep valuables -- like high-end gadgets, designer bags, and outdoor gear -- findable and safe.<br>","This Bundle Contains: 1 Andis Excel Pro-Animal 5-Speed Detachable Blade Clipper Kit - Professional Pet Grooming, Burgundy, SMC (65360) + 1 Andis Aluminum Grooming Case with Wheels + 1 Tile Pro (2020) - 1 Pack",407.65,407.65,all,1,387.27,20.38,5%,2,land_of_the_free
DogtraBundle-1,DogtraBundle-1,,,,,,,,,,"Dogtra iQ MINI Remote Trainer Bundle With Dogtra 3/4"" x 28"" Collar Strap - Black","This Bundle Contains: 1 Dogtra iQ MINI Remote Trainer + 1 Dogtra 3/4"" x 28"" Collar Strap - Black<br><b></b><br>The Dogtra IQ Mini is a powerful remote trainer designed for dogs up to 7 pounds. This 100% waterproof collar features a 400-yard range and three different stimulation types--Nick, Constant, and non-stimulating pager/vibration. It offers the lightest and smallest receiver, weighing at 1.3 ounces, with ergonomically designed plastic contact points.<br><br><b>Dogtra 3/4"" x 28"" Collar Strap - Black</b><br> Technical Features for Dogtra 3/4"" x 28"" Collar Strap - A metal rollerbuckle is easy to fasten and the metal D-ring allows for quick connection to the leash.<br>",,189.98,189.98,,,,,,,
DogtraBundle-2,DogtraBundle-2,,,,,,,,,,"Dogtra iQ MINI Remote Trainer Bundle With Dogtra 3/4"" x 28"" Collar Strap - Orange","This Bundle Contains: 1 Dogtra iQ MINI Remote Trainer + 1 Dogtra 3/4"" x 28"" Collar Strap - Orange<br><b></b><br>The Dogtra IQ Mini is a powerful remote trainer designed for dogs up to 7 pounds. This 100% waterproof collar features a 400-yard range and three different stimulation types--Nick, Constant, and non-stimulating pager/vibration. It offers the lightest and smallest receiver, weighing at 1.3 ounces, with ergonomically designed plastic contact points.<br><br><b>Dogtra 3/4"" x 28"" Collar Strap - Orange</b><br> Technical Features for Dogtra 3/4"" x 28"" Collar Strap - A metal rollerbuckle is easy to fasten and the metal D-ring allows for quick connection to the leash.<br>",,189.98,189.98,,,,,,,
DogtraBundle-3,DogtraBundle-3,,,,,,,,,,"Dogtra iQ MINI Remote Trainer Bundle With Dogtra 3/4"" x 28"" Collar Strap - Blue","This Bundle Contains: 1 Dogtra iQ MINI Remote Trainer + 1 Dogtra 3/4"" x 28"" Collar Strap - Blue<br><b></b><br>The Dogtra IQ Mini is a powerful remote trainer designed for dogs up to 7 pounds. This 100% waterproof collar features a 400-yard range and three different stimulation types--Nick, Constant, and non-stimulating pager/vibration. It offers the lightest and smallest receiver, weighing at 1.3 ounces, with ergonomically designed plastic contact points.<br><br><b>Dogtra 3/4"" x 28"" Collar Strap - Blue</b><br> Technical Features for Dogtra 3/4"" x 28"" Collar Strap - A metal rollerbuckle is easy to fasten and the metal D-ring allows for quick connection to the leash.<br>",,189.98,189.98,,,,,,,
DogtraBundle-4,DogtraBundle-4,,,,,,,,,,"Dogtra iQ MINI Remote Trainer Bundle With Dogtra 3/4"" x 28"" Collar Strap - Green","This Bundle Contains: 1 Dogtra iQ MINI Remote Trainer + 1 Dogtra 3/4"" x 28"" Collar Strap - Green<br><b></b><br>The Dogtra IQ Mini is a powerful remote trainer designed for dogs up to 7 pounds. This 100% waterproof collar features a 400-yard range and three different stimulation types--Nick, Constant, and non-stimulating pager/vibration. It offers the lightest and smallest receiver, weighing at 1.3 ounces, with ergonomically designed plastic contact points.<br><br><b>Dogtra 3/4"" x 28"" Collar Strap - Green</b><br> Technical Features for Dogtra 3/4"" x 28"" Collar Strap - A metal rollerbuckle is easy to fasten and the metal D-ring allows for quick connection to the leash.<br>",,189.98,189.98,,,,,,,
DogtraBundle-5,DogtraBundle-5,,,,,,,,,,Dogtra iQ MINI Remote Trainer Bundle With Dogtra BC5AUTO Auto Charger,"This Bundle Contains: 1 Dogtra iQ MINI Remote Trainer + 1 Dogtra BC5AUTO Auto Charger<br><b></b><br>The Dogtra IQ Mini is a powerful remote trainer designed for dogs up to 7 pounds. This 100% waterproof collar features a 400-yard range and three different stimulation types--Nick, Constant, and non-stimulating pager/vibration. It offers the lightest and smallest receiver, weighing at 1.3 ounces, with ergonomically designed plastic contact points.<br><br><b>Dogtra BC5AUTO Auto Charger</b><br>The Dogtra BC5AUTO is a 5 Volt battery charger for lithium-polymer batteries. It works with 200C, 280C, EF-3000 Gold receiver iQ Series dog training collars.<br>",,209.98,209.98,,,,,,,
DogtraBundle-6,DogtraBundle-6,,,,,,,,,,"Dogtra iQ-Plus Remote Trainer Bundle With Dogtra 3/4"" x 28"" Collar Strap - Black","This Bundle Contains: 1 Dogtra iQ-Plus Remote Trainer + 1 Dogtra 3/4"" x 28"" Collar Strap - Black<br><b>Dogtra iQ-Plus Remote Trainer</b><br>The Dogtra iQ-Plus is a powerful pet training designed for small to medium sized dogs. This waterproof collar features a 400-yard range and three different stimulation types--Nick, Constant, and non-stimulating pager/vibration. In addition to these great features, the Dogtra iQ-Plus e-collar is built for dogs over 10 pounds and is a terrific choice for dogs with mild temperaments. The iQ Plus is a fully expandable training system, allowing you to train 2 dogs using one handheld remote.<br><br><b>Dogtra 3/4"" x 28"" Collar Strap - Black</b><br> Technical Features for Dogtra 3/4"" x 28"" Collar Strap - A metal rollerbuckle is easy to fasten and the metal D-ring allows for quick connection to the leash.<br>",,189.98,189.98,,,,,,,
DogtraBundle-7,DogtraBundle-7,,,,,,,,,,"Dogtra iQ-Plus Remote Trainer Bundle With Dogtra 3/4"" x 28"" Collar Strap - Orange","This Bundle Contains: 1 Dogtra iQ-Plus Remote Trainer + 1 Dogtra 3/4"" x 28"" Collar Strap - Orange<br><b>Dogtra iQ-Plus Remote Trainer</b><br>The Dogtra iQ-Plus is a powerful pet training designed for small to medium sized dogs. This waterproof collar features a 400-yard range and three different stimulation types--Nick, Constant, and non-stimulating pager/vibration. In addition to these great features, the Dogtra iQ-Plus e-collar is built for dogs over 10 pounds and is a terrific choice for dogs with mild temperaments. The iQ Plus is a fully expandable training system, allowing you to train 2 dogs using one handheld remote.<br><br><b>Dogtra 3/4"" x 28"" Collar Strap - Orange</b><br> Technical Features for Dogtra 3/4"" x 28"" Collar Strap - A metal rollerbuckle is easy to fasten and the metal D-ring allows for quick connection to the leash.<br>",,189.98,189.98,,,,,,,
DogtraBundle-8,DogtraBundle-8,,,,,,,,,,"Dogtra iQ-Plus Remote Trainer Bundle With Dogtra 3/4"" x 28"" Collar Strap - Blue","This Bundle Contains: 1 Dogtra iQ-Plus Remote Trainer + 1 Dogtra 3/4"" x 28"" Collar Strap - Blue<br><b>Dogtra iQ-Plus Remote Trainer</b><br>The Dogtra iQ-Plus is a powerful pet training designed for small to medium sized dogs. This waterproof collar features a 400-yard range and three different stimulation types--Nick, Constant, and non-stimulating pager/vibration. In addition to these great features, the Dogtra iQ-Plus e-collar is built for dogs over 10 pounds and is a terrific choice for dogs with mild temperaments. The iQ Plus is a fully expandable training system, allowing you to train 2 dogs using one handheld remote.<br><br><b>Dogtra 3/4"" x 28"" Collar Strap - Blue</b><br> Technical Features for Dogtra 3/4"" x 28"" Collar Strap - A metal rollerbuckle is easy to fasten and the metal D-ring allows for quick connection to the leash.<br>",,189.98,189.98,,,,,,,
DogtraBundle-9,DogtraBundle-9,,,,,,,,,,"Dogtra iQ-Plus Remote Trainer Bundle With Dogtra 3/4"" x 28"" Collar Strap - Green","This Bundle Contains: 1 Dogtra iQ-Plus Remote Trainer + 1 Dogtra 3/4"" x 28"" Collar Strap - Green<br><b>Dogtra iQ-Plus Remote Trainer</b><br>The Dogtra iQ-Plus is a powerful pet training designed for small to medium sized dogs. This waterproof collar features a 400-yard range and three different stimulation types--Nick, Constant, and non-stimulating pager/vibration. In addition to these great features, the Dogtra iQ-Plus e-collar is built for dogs over 10 pounds and is a terrific choice for dogs with mild temperaments. The iQ Plus is a fully expandable training system, allowing you to train 2 dogs using one handheld remote.<br><br><b>Dogtra 3/4"" x 28"" Collar Strap - Green</b><br> Technical Features for Dogtra 3/4"" x 28"" Collar Strap - A metal rollerbuckle is easy to fasten and the metal D-ring allows for quick connection to the leash.<br>",,189.98,189.98,,,,,,,
DogtraBundle-10,DogtraBundle-10,,,,,,,,,,Dogtra iQ-Plus Remote Trainer Bundle With Dogtra BC5AUTO Auto Charger,"This Bundle Contains: 1 Dogtra iQ-Plus Remote Trainer + 1 Dogtra BC5AUTO Auto Charger<br><b>Dogtra iQ-Plus Remote Trainer</b><br>The Dogtra iQ-Plus is a powerful pet training designed for small to medium sized dogs. This waterproof collar features a 400-yard range and three different stimulation types--Nick, Constant, and non-stimulating pager/vibration. In addition to these great features, the Dogtra iQ-Plus e-collar is built for dogs over 10 pounds and is a terrific choice for dogs with mild temperaments. The iQ Plus is a fully expandable training system, allowing you to train 2 dogs using one handheld remote.<br><br><b>Dogtra BC5AUTO Auto Charger</b><br>The Dogtra BC5AUTO is a 5 Volt battery charger for lithium-polymer batteries. It works with 200C, 280C, EF-3000 Gold receiver iQ Series dog training collars.<br>",,209.98,209.98,,,,,,,
DogtraBundle-11,DogtraBundle-11,,,,,,,,,,Dogtra iQ CLiQ Remote Trainer Bundle With Dogtra BC5AUTO Auto Charger,"This Bundle Contains: 1 Dogtra iQ CLiQ Remote Trainer + 1 Dogtra BC5AUTO Auto Charger<br><b>Dogtra iQ CLiQ Remote Trainer</b><br>The Dogtra iQ CLiQ is a combination of two dog training methods, the e-collar and the clicker. The e-collar is waterproof (IPX7) and has conductive plastic contact points, designed to suit the dog's skin. The contact points are perfect solution for dogs with sensitive skin or allergy to steel contacts. The iQ CLiQ has a handheld transmitter with a built-in clicker and nick/ pulsating nick stimulation buttons. The system is expandable to a 2-dog system and has a 100 yard range.<br><br><b>Dogtra BC5AUTO Auto Charger</b><br>The Dogtra BC5AUTO is a 5 Volt battery charger for lithium-polymer batteries. It works with 200C, 280C, EF-3000 Gold receiver iQ Series dog training collars.<br>",,149.98,149.98,,,,,,,
DogtraBundle-12,DogtraBundle-12,,,,,,,,,,Dogtra 1900S Remote Trainer Bundle With Dogtra Auto Charger BC10AUTO Car Charger,"This Bundle Contains: 1 Dogtra 1900S Remote Trainer + 1 Dogtra Auto Charger BC10AUTO Car Charger<br><b>Dogtra 1900S Remote Trainer</b><br>The Dogtra 1900S dog system has a 100% waterproof collar features a 3/4 mile range along with Nick and Constant stimulations. It also offers non-stimulating high performance pager. This dog system has water excelling enhanced contact points with 2-hour quick charge. The LCD on the handheld transmitter displays the battery life and stimulation level.<br><br><b>Dogtra Auto Charger BC10AUTO Car Charger</b><br>The Dogtra BC10 Auto is a replacement battery charger for 1902S, 2300, 2500T&B, 3500 series dog training collars.<br>",,269.98,269.98,,,,,,,
DogtraBundle-13,DogtraBundle-13,,,,,,,,,,"Dogtra 1900S Remote Trainer Bundle With Dogtra 1"" X 30"" Collar Strap - Black","This Bundle Contains: 1 Dogtra 1900S Remote Trainer + 1 Dogtra 1"" X 30"" Collar Strap - Black<br><b>Dogtra 1900S Remote Trainer</b><br>The Dogtra 1900S dog system has a 100% waterproof collar features a 3/4 mile range along with Nick and Constant stimulations. It also offers non-stimulating high performance pager. This dog system has water excelling enhanced contact points with 2-hour quick charge. The LCD on the handheld transmitter displays the battery life and stimulation level.<br><br><b>Dogtra 1"" X 30"" Collar Strap - Black</b><br> Technical Features for Dogtra 1"" X 30"" Collar Strap - A metal rollerbuckle is easy to fasten and the metal D-ring allows for quick connection to the leash.<br>",,249.98,249.98,,,,,,,
DogtraBundle-14,DogtraBundle-14,,,,,,,,,,"Dogtra 1900S Remote Trainer Bundle With Dogtra 1"" X 30"" Collar Strap - Orange","This Bundle Contains: 1 Dogtra 1900S Remote Trainer + 1 Dogtra 1"" X 30"" Collar Strap - Orange<br><b>Dogtra 1900S Remote Trainer</b><br>The Dogtra 1900S dog system has a 100% waterproof collar features a 3/4 mile range along with Nick and Constant stimulations. It also offers non-stimulating high performance pager. This dog system has water excelling enhanced contact points with 2-hour quick charge. The LCD on the handheld transmitter displays the battery life and stimulation level.<br><br><b>Dogtra 1"" X 30"" Collar Strap - Orange</b><br> Technical Features for Dogtra 1"" X 30"" Collar Strap - A metal rollerbuckle is easy to fasten and the metal D-ring allows for quick connection to the leash.<br>",,249.98,249.98,,,,,,,
DogtraBundle-15,DogtraBundle-15,,,,,,,,,,"Dogtra 1900S Remote Trainer Bundle With Dogtra 1"" X 30"" Collar Strap - Blue","This Bundle Contains: 1 Dogtra 1900S Remote Trainer + 1 Dogtra 1"" X 30"" Collar Strap - Blue<br><b>Dogtra 1900S Remote Trainer</b><br>The Dogtra 1900S dog system has a 100% waterproof collar features a 3/4 mile range along with Nick and Constant stimulations. It also offers non-stimulating high performance pager. This dog system has water excelling enhanced contact points with 2-hour quick charge. The LCD on the handheld transmitter displays the battery life and stimulation level.<br><br><b>Dogtra 1"" X 30"" Collar Strap - Blue</b><br> Technical Features for Dogtra 1"" X 30"" Collar Strap - A metal rollerbuckle is easy to fasten and the metal D-ring allows for quick connection to the leash.<br>",,249.98,249.98,,,,,,,
DogtraBundle-16,DogtraBundle-16,,,,,,,,,,"Dogtra 1900S Remote Trainer Bundle With Dogtra 1"" X 30"" Collar Strap - Green","This Bundle Contains: 1 Dogtra 1900S Remote Trainer + 1 Dogtra 1"" X 30"" Collar Strap - Green<br><b>Dogtra 1900S Remote Trainer</b><br>The Dogtra 1900S dog system has a 100% waterproof collar features a 3/4 mile range along with Nick and Constant stimulations. It also offers non-stimulating high performance pager. This dog system has water excelling enhanced contact points with 2-hour quick charge. The LCD on the handheld transmitter displays the battery life and stimulation level.<br><br><b>Dogtra 1"" X 30"" Collar Strap - Green</b><br> Technical Features for Dogtra 1"" X 30"" Collar Strap - A metal rollerbuckle is easy to fasten and the metal D-ring allows for quick connection to the leash.<br>",,249.98,249.98,,,,,,,
DogtraBundle-17,DogtraBundle-17,,,,,,,,,,Dogtra 1900S Wetlands Remote Trainer Bundle With Dogtra Auto Charger BC10AUTO Car Charger,"This Bundle Contains: 1 Dogtra 1900S Wetlands Remote Trainer + 1 Dogtra Auto Charger BC10AUTO Car Charger<br><b>Dogtra 1900S Wetlands Remote Trainer</b><br>The Dogtra 1900S - Wetlands dog system has a 100% waterproof collar features a 3/4 mile range with high output stimulation in 1-127 levels, coated in ideal camouflaged pattern for wetland hunting. This dog system has Low to High Power Stimulation and enhanced contact points with 2-hour rapid charge batteries. The LCD on the handheld transmitter displays the battery life and stimulation level.<br><br><b>Dogtra Auto Charger BC10AUTO Car Charger</b><br>The Dogtra BC10 Auto is a replacement battery charger for 1902S, 2300, 2500T&B, 3500 series dog training collars.<br>",,279.98,279.98,,,,,,,
DogtraBundle-18,DogtraBundle-18,,,,,,,,,,"Dogtra 1900S Wetlands Remote Trainer Bundle With Dogtra 1"" X 30"" Collar Strap - Black","This Bundle Contains: 1 Dogtra 1900S Wetlands Remote Trainer + 1 Dogtra 1"" X 30"" Collar Strap - Black<br><b>Dogtra 1900S Wetlands Remote Trainer</b><br>The Dogtra 1900S - Wetlands dog system has a 100% waterproof collar features a 3/4 mile range with high output stimulation in 1-127 levels, coated in ideal camouflaged pattern for wetland hunting. This dog system has Low to High Power Stimulation and enhanced contact points with 2-hour rapid charge batteries. The LCD on the handheld transmitter displays the battery life and stimulation level.<br><br><b>Dogtra 1"" X 30"" Collar Strap - Black</b><br> Technical Features for Dogtra 1"" X 30"" Collar Strap - A metal rollerbuckle is easy to fasten and the metal D-ring allows for quick connection to the leash.<br>",,259.98,259.98,,,,,,,
DogtraBundle-19,DogtraBundle-19,,,,,,,,,,"Dogtra 1900S Wetlands Remote Trainer Bundle With Dogtra 1"" X 30"" Collar Strap - Orange","This Bundle Contains: 1 Dogtra 1900S Wetlands Remote Trainer + 1 Dogtra 1"" X 30"" Collar Strap - Orange<br><b>Dogtra 1900S Wetlands Remote Trainer</b><br>The Dogtra 1900S - Wetlands dog system has a 100% waterproof collar features a 3/4 mile range with high output stimulation in 1-127 levels, coated in ideal camouflaged pattern for wetland hunting. This dog system has Low to High Power Stimulation and enhanced contact points with 2-hour rapid charge batteries. The LCD on the handheld transmitter displays the battery life and stimulation level.<br><br><b>Dogtra 1"" X 30"" Collar Strap - Orange</b><br> Technical Features for Dogtra 1"" X 30"" Collar Strap - A metal rollerbuckle is easy to fasten and the metal D-ring allows for quick connection to the leash.<br>",,259.98,259.98,,,,,,,
DogtraBundle-20,DogtraBundle-20,,,,,,,,,,"Dogtra 1900S Wetlands Remote Trainer Bundle With Dogtra 1"" X 30"" Collar Strap - Blue","This Bundle Contains: 1 Dogtra 1900S Wetlands Remote Trainer + 1 Dogtra 1"" X 30"" Collar Strap - Blue<br><b>Dogtra 1900S Wetlands Remote Trainer</b><br>The Dogtra 1900S - Wetlands dog system has a 100% waterproof collar features a 3/4 mile range with high output stimulation in 1-127 levels, coated in ideal camouflaged pattern for wetland hunting. This dog system has Low to High Power Stimulation and enhanced contact points with 2-hour rapid charge batteries. The LCD on the handheld transmitter displays the battery life and stimulation level.<br><br><b>Dogtra 1"" X 30"" Collar Strap - Blue</b><br> Technical Features for Dogtra 1"" X 30"" Collar Strap - A metal rollerbuckle is easy to fasten and the metal D-ring allows for quick connection to the leash.<br>",,259.98,259.98,,,,,,,
DogtraBundle-21,DogtraBundle-21,,,,,,,,,,"Dogtra 1900S Wetlands Remote Trainer Bundle With Dogtra 1"" X 30"" Collar Strap - Green","This Bundle Contains: 1 Dogtra 1900S Wetlands Remote Trainer + 1 Dogtra 1"" X 30"" Collar Strap - Green<br><b>Dogtra 1900S Wetlands Remote Trainer</b><br>The Dogtra 1900S - Wetlands dog system has a 100% waterproof collar features a 3/4 mile range with high output stimulation in 1-127 levels, coated in ideal camouflaged pattern for wetland hunting. This dog system has Low to High Power Stimulation and enhanced contact points with 2-hour rapid charge batteries. The LCD on the handheld transmitter displays the battery life and stimulation level.<br><br><b>Dogtra 1"" X 30"" Collar Strap - Green</b><br> Technical Features for Dogtra 1"" X 30"" Collar Strap - A metal rollerbuckle is easy to fasten and the metal D-ring allows for quick connection to the leash.<br>",,259.98,259.98,,,,,,,
DogtraBundle-22,DogtraBundle-22,,,,,,,,,,Dogtra 1900S HANDSFREE Remote Trainer with Handsfree Controller Bundle With Dogtra Auto Charger BC10AUTO Car Charger,"This Bundle Contains: 1 Dogtra 1900S HANDSFREE Remote Trainer with Handsfree Controller + 1 Dogtra Auto Charger BC10AUTO Car Charger<br><b>Dogtra 1900S HANDSFREE Remote Trainer with Handsfree Controller</b><br>The Dogtra 1900S-HANDSFREE gives you discrete control while freeing up your harns for multi-tasking. The curved slimline receiver design and wireless finger button, the Dogtra 1900S Handsfree makes the perfect discreet trainer for hunting dogs, K9 professional or anyone looking for discreet control. Designed for mild to stubborn tempered dogs 25lbs and larger. The Unique checkered grips make handling the remote a cinch.<br><br><b>Dogtra Auto Charger BC10AUTO Car Charger</b><br>The Dogtra BC10 Auto is a replacement battery charger for 1902S, 2300, 2500T&B, 3500 series dog training collars.<br>",,299.98,299.98,,,,,,,
DogtraBundle-23,DogtraBundle-23,,,,,,,,,,"Dogtra 1900S HANDSFREE Remote Trainer with Handsfree Controller Bundle With Dogtra 1"" X 30"" Collar Strap - Black","This Bundle Contains: 1 Dogtra 1900S HANDSFREE Remote Trainer with Handsfree Controller + 1 Dogtra 1"" X 30"" Collar Strap - Black<br><b>Dogtra 1900S HANDSFREE Remote Trainer with Handsfree Controller</b><br>The Dogtra 1900S-HANDSFREE gives you discrete control while freeing up your harns for multi-tasking. The curved slimline receiver design and wireless finger button, the Dogtra 1900S Handsfree makes the perfect discreet trainer for hunting dogs, K9 professional or anyone looking for discreet control. Designed for mild to stubborn tempered dogs 25lbs and larger. The Unique checkered grips make handling the remote a cinch.<br><br><b>Dogtra 1"" X 30"" Collar Strap - Black</b><br> Technical Features for Dogtra 1"" X 30"" Collar Strap - A metal rollerbuckle is easy to fasten and the metal D-ring allows for quick connection to the leash.<br>",,279.98,279.98,,,,,,,
DogtraBundle-24,DogtraBundle-24,,,,,,,,,,"Dogtra 1900S HANDSFREE Remote Trainer with Handsfree Controller Bundle With Dogtra 1"" X 30"" Collar Strap - Orange","This Bundle Contains: 1 Dogtra 1900S HANDSFREE Remote Trainer with Handsfree Controller + 1 Dogtra 1"" X 30"" Collar Strap - Orange<br><b>Dogtra 1900S HANDSFREE Remote Trainer with Handsfree Controller</b><br>The Dogtra 1900S-HANDSFREE gives you discrete control while freeing up your harns for multi-tasking. The curved slimline receiver design and wireless finger button, the Dogtra 1900S Handsfree makes the perfect discreet trainer for hunting dogs, K9 professional or anyone looking for discreet control. Designed for mild to stubborn tempered dogs 25lbs and larger. The Unique checkered grips make handling the remote a cinch.<br><br><b>Dogtra 1"" X 30"" Collar Strap - Orange</b><br> Technical Features for Dogtra 1"" X 30"" Collar Strap - A metal rollerbuckle is easy to fasten and the metal D-ring allows for quick connection to the leash.<br>",,279.98,279.98,,,,,,,
DogtraBundle-25,DogtraBundle-25,,,,,,,,,,"Dogtra 1900S HANDSFREE Remote Trainer with Handsfree Controller Bundle With Dogtra 1"" X 30"" Collar Strap - Blue","This Bundle Contains: 1 Dogtra 1900S HANDSFREE Remote Trainer with Handsfree Controller + 1 Dogtra 1"" X 30"" Collar Strap - Blue<br><b>Dogtra 1900S HANDSFREE Remote Trainer with Handsfree Controller</b><br>The Dogtra 1900S-HANDSFREE gives you discrete control while freeing up your harns for multi-tasking. The curved slimline receiver design and wireless finger button, the Dogtra 1900S Handsfree makes the perfect discreet trainer for hunting dogs, K9 professional or anyone looking for discreet control. Designed for mild to stubborn tempered dogs 25lbs and larger. The Unique checkered grips make handling the remote a cinch.<br><br><b>Dogtra 1"" X 30"" Collar Strap - Blue</b><br> Technical Features for Dogtra 1"" X 30"" Collar Strap - A metal rollerbuckle is easy to fasten and the metal D-ring allows for quick connection to the leash.<br>",,279.98,279.98,,,,,,,
DogtraBundle-26,DogtraBundle-26,,,,,,,,,,"Dogtra 1900S HANDSFREE Remote Trainer with Handsfree Controller Bundle With Dogtra 1"" X 30"" Collar Strap - Green","This Bundle Contains: 1 Dogtra 1900S HANDSFREE Remote Trainer with Handsfree Controller + 1 Dogtra 1"" X 30"" Collar Strap - Green<br><b>Dogtra 1900S HANDSFREE Remote Trainer with Handsfree Controller</b><br>The Dogtra 1900S-HANDSFREE gives you discrete control while freeing up your harns for multi-tasking. The curved slimline receiver design and wireless finger button, the Dogtra 1900S Handsfree makes the perfect discreet trainer for hunting dogs, K9 professional or anyone looking for discreet control. Designed for mild to stubborn tempered dogs 25lbs and larger. The Unique checkered grips make handling the remote a cinch.<br><br><b>Dogtra 1"" X 30"" Collar Strap - Green</b><br> Technical Features for Dogtra 1"" X 30"" Collar Strap - A metal rollerbuckle is easy to fasten and the metal D-ring allows for quick connection to the leash.<br>",,279.98,279.98,,,,,,,
DogtraBundle-27,DogtraBundle-27,,,,,,,,,,Dogtra 1900S Black Edition Remote Trainer Bundle With Dogtra Auto Charger BC10AUTO Car Charger,"This Bundle Contains: 1 Dogtra 1900S Black Edition Remote Trainer + 1 Dogtra Auto Charger BC10AUTO Car Charger<br><b>Dogtra 1900S Black Edition Remote Trainer</b><br>The Dogtra 1900S BLACK EDITION is the 1-mile, single-dog version of our bestselling 1900S e-collar, known for its versatility and IPX9K durability, making it the tool of choice for trainers in extreme conditions at extreme ranges. The 1900S BLACK EDITION's receiver is also IPX9K waterproof certified, the highest heat and waterproof level. With its longer range and proven durability, the Dogtra 1900S BLACK EDITION comes with a premium matte black finish and blue LED lights for enhanced tactical fit and aesthetics to excel in the most demanding training conditions for competition or K9 training.<br><br><b>Dogtra Auto Charger BC10AUTO Car Charger</b><br>The Dogtra BC10 Auto is a replacement battery charger for 1902S, 2300, 2500T&B, 3500 series dog training collars.<br>",,329.98,329.98,,,,,,,
DogtraBundle-28,DogtraBundle-28,,,,,,,,,,"Dogtra 1900S Black Edition Remote Trainer Bundle With Dogtra 1"" X 30"" Collar Strap - Black","This Bundle Contains: 1 Dogtra 1900S Black Edition Remote Trainer + 1 Dogtra 1"" X 30"" Collar Strap - Black<br><b>Dogtra 1900S Black Edition Remote Trainer</b><br>The Dogtra 1900S BLACK EDITION is the 1-mile, single-dog version of our bestselling 1900S e-collar, known for its versatility and IPX9K durability, making it the tool of choice for trainers in extreme conditions at extreme ranges. The 1900S BLACK EDITION's receiver is also IPX9K waterproof certified, the highest heat and waterproof level. With its longer range and proven durability, the Dogtra 1900S BLACK EDITION comes with a premium matte black finish and blue LED lights for enhanced tactical fit and aesthetics to excel in the most demanding training conditions for competition or K9 training.<br><br><b>Dogtra 1"" X 30"" Collar Strap - Black</b><br> Technical Features for Dogtra 1"" X 30"" Collar Strap - A metal rollerbuckle is easy to fasten and the metal D-ring allows for quick connection to the leash.<br>",,309.98,309.98,,,,,,,
DogtraBundle-29,DogtraBundle-29,,,,,,,,,,"Dogtra 1900S Black Edition Remote Trainer Bundle With Dogtra 1"" X 30"" Collar Strap - Orange","This Bundle Contains: 1 Dogtra 1900S Black Edition Remote Trainer + 1 Dogtra 1"" X 30"" Collar Strap - Orange<br><b>Dogtra 1900S Black Edition Remote Trainer</b><br>The Dogtra 1900S BLACK EDITION is the 1-mile, single-dog version of our bestselling 1900S e-collar, known for its versatility and IPX9K durability, making it the tool of choice for trainers in extreme conditions at extreme ranges. The 1900S BLACK EDITION's receiver is also IPX9K waterproof certified, the highest heat and waterproof level. With its longer range and proven durability, the Dogtra 1900S BLACK EDITION comes with a premium matte black finish and blue LED lights for enhanced tactical fit and aesthetics to excel in the most demanding training conditions for competition or K9 training.<br><br><b>Dogtra 1"" X 30"" Collar Strap - Orange</b><br> Technical Features for Dogtra 1"" X 30"" Collar Strap - A metal rollerbuckle is easy to fasten and the metal D-ring allows for quick connection to the leash.<br>",,309.98,309.98,,,,,,,
DogtraBundle-30,DogtraBundle-30,,,,,,,,,,"Dogtra 1900S Black Edition Remote Trainer Bundle With Dogtra 1"" X 30"" Collar Strap - Blue","This Bundle Contains: 1 Dogtra 1900S Black Edition Remote Trainer + 1 Dogtra 1"" X 30"" Collar Strap - Blue<br><b>Dogtra 1900S Black Edition Remote Trainer</b><br>The Dogtra 1900S BLACK EDITION is the 1-mile, single-dog version of our bestselling 1900S e-collar, known for its versatility and IPX9K durability, making it the tool of choice for trainers in extreme conditions at extreme ranges. The 1900S BLACK EDITION's receiver is also IPX9K waterproof certified, the highest heat and waterproof level. With its longer range and proven durability, the Dogtra 1900S BLACK EDITION comes with a premium matte black finish and blue LED lights for enhanced tactical fit and aesthetics to excel in the most demanding training conditions for competition or K9 training.<br><br><b>Dogtra 1"" X 30"" Collar Strap - Blue</b><br> Technical Features for Dogtra 1"" X 30"" Collar Strap - A metal rollerbuckle is easy to fasten and the metal D-ring allows for quick connection to the leash.<br>",,309.98,309.98,,,,,,,
DogtraBundle-31,DogtraBundle-31,,,,,,,,,,"Dogtra 1900S Black Edition Remote Trainer Bundle With Dogtra 1"" X 30"" Collar Strap - Green","This Bundle Contains: 1 Dogtra 1900S Black Edition Remote Trainer + 1 Dogtra 1"" X 30"" Collar Strap - Green<br><b>Dogtra 1900S Black Edition Remote Trainer</b><br>The Dogtra 1900S BLACK EDITION is the 1-mile, single-dog version of our bestselling 1900S e-collar, known for its versatility and IPX9K durability, making it the tool of choice for trainers in extreme conditions at extreme ranges. The 1900S BLACK EDITION's receiver is also IPX9K waterproof certified, the highest heat and waterproof level. With its longer range and proven durability, the Dogtra 1900S BLACK EDITION comes with a premium matte black finish and blue LED lights for enhanced tactical fit and aesthetics to excel in the most demanding training conditions for competition or K9 training.<br><br><b>Dogtra 1"" X 30"" Collar Strap - Green</b><br> Technical Features for Dogtra 1"" X 30"" Collar Strap - A metal rollerbuckle is easy to fasten and the metal D-ring allows for quick connection to the leash.<br>",,309.98,309.98,,,,,,,
DogtraBundle-32,DogtraBundle-32,,,,,,,,,,Dogtra 1902S Two-Dog Remote Trainer Bundle With Dogtra Auto Charger BC10AUTO Car Charger,"This Bundle Contains: 1 Dogtra 1902S Two-Dog Remote Trainer + 1 Dogtra Auto Charger BC10AUTO Car Charger<br><b>Dogtra 1902S Two-Dog Remote Trainer</b><br>The Dogtra 1902S dog system has a 100% waterproof collar features a 3/4 mile range along with Nick and Constant stimulations. It also offers non-stimulating high performance pager. This dog system has water excelling enhanced contact points with 2-hour quick charge. The LCD on the handheld transmitter displays the battery life and stimulation level.<br><br><b>Dogtra Auto Charger BC10AUTO Car Charger</b><br>The Dogtra BC10 Auto is a replacement battery charger for 1902S, 2300, 2500T&B, 3500 series dog training collars.<br>",,399.98,399.98,,,,,,,
DogtraBundle-33,DogtraBundle-33,,,,,,,,,,"Dogtra 1902S Two-Dog Remote Trainer Bundle With Dogtra 1"" X 30"" Collar Strap - Black","This Bundle Contains: 1 Dogtra 1902S Two-Dog Remote Trainer + 1 Dogtra 1"" X 30"" Collar Strap - Black<br><b>Dogtra 1902S Two-Dog Remote Trainer</b><br>The Dogtra 1902S dog system has a 100% waterproof collar features a 3/4 mile range along with Nick and Constant stimulations. It also offers non-stimulating high performance pager. This dog system has water excelling enhanced contact points with 2-hour quick charge. The LCD on the handheld transmitter displays the battery life and stimulation level.<br><br><b>Dogtra 1"" X 30"" Collar Strap - Black</b><br> Technical Features for Dogtra 1"" X 30"" Collar Strap - A metal rollerbuckle is easy to fasten and the metal D-ring allows for quick connection to the leash.<br>",,379.98,379.98,,,,,,,
DogtraBundle-34,DogtraBundle-34,,,,,,,,,,"Dogtra 1902S Two-Dog Remote Trainer Bundle With Dogtra 1"" X 30"" Collar Strap - Orange","This Bundle Contains: 1 Dogtra 1902S Two-Dog Remote Trainer + 1 Dogtra 1"" X 30"" Collar Strap - Orange<br><b>Dogtra 1902S Two-Dog Remote Trainer</b><br>The Dogtra 1902S dog system has a 100% waterproof collar features a 3/4 mile range along with Nick and Constant stimulations. It also offers non-stimulating high performance pager. This dog system has water excelling enhanced contact points with 2-hour quick charge. The LCD on the handheld transmitter displays the battery life and stimulation level.<br><br><b>Dogtra 1"" X 30"" Collar Strap - Orange</b><br> Technical Features for Dogtra 1"" X 30"" Collar Strap - A metal rollerbuckle is easy to fasten and the metal D-ring allows for quick connection to the leash.<br>",,379.98,379.98,,,,,,,
DogtraBundle-35,DogtraBundle-35,,,,,,,,,,"Dogtra 1902S Two-Dog Remote Trainer Bundle With Dogtra 1"" X 30"" Collar Strap - Blue","This Bundle Contains: 1 Dogtra 1902S Two-Dog Remote Trainer + 1 Dogtra 1"" X 30"" Collar Strap - Blue<br><b>Dogtra 1902S Two-Dog Remote Trainer</b><br>The Dogtra 1902S dog system has a 100% waterproof collar features a 3/4 mile range along with Nick and Constant stimulations. It also offers non-stimulating high performance pager. This dog system has water excelling enhanced contact points with 2-hour quick charge. The LCD on the handheld transmitter displays the battery life and stimulation level.<br><br><b>Dogtra 1"" X 30"" Collar Strap - Blue</b><br> Technical Features for Dogtra 1"" X 30"" Collar Strap - A metal rollerbuckle is easy to fasten and the metal D-ring allows for quick connection to the leash.<br>",,379.98,379.98,,,,,,,
DogtraBundle-36,DogtraBundle-36,,,,,,,,,,"Dogtra 1902S Two-Dog Remote Trainer Bundle With Dogtra 1"" X 30"" Collar Strap - Green","This Bundle Contains: 1 Dogtra 1902S Two-Dog Remote Trainer + 1 Dogtra 1"" X 30"" Collar Strap - Green<br><b>Dogtra 1902S Two-Dog Remote Trainer</b><br>The Dogtra 1902S dog system has a 100% waterproof collar features a 3/4 mile range along with Nick and Constant stimulations. It also offers non-stimulating high performance pager. This dog system has water excelling enhanced contact points with 2-hour quick charge. The LCD on the handheld transmitter displays the battery life and stimulation level.<br><br><b>Dogtra 1"" X 30"" Collar Strap - Green</b><br> Technical Features for Dogtra 1"" X 30"" Collar Strap - A metal rollerbuckle is easy to fasten and the metal D-ring allows for quick connection to the leash.<br>",,379.98,379.98,,,,,,,
DogtraBundle-37,DogtraBundle-37,,,,,,,,,,"Dogtra ARC Remote Trainer Bundle With Dogtra 1"" X 30"" Collar Strap - Black","This Bundle Contains: 1 Dogtra ARC Remote Trainer + 1 Dogtra 1"" X 30"" Collar Strap - Black<br><b>Dogtra ARC Remote Trainer</b><br>The Dogtra ARC Remote Trainer is a low profile receiver collar that is ergonomically shaped to your dog’s neck. The checkered grips on the handheld transmitter allow you to always have a firm grip of the training at hand. The ARC is a low to medium output e-collar designed for all breeds with medium to soft temperaments.<br><br><b>Dogtra 1"" X 30"" Collar Strap - Black</b><br> Technical Features for Dogtra 1"" X 30"" Collar Strap - A metal rollerbuckle is easy to fasten and the metal D-ring allows for quick connection to the leash.<br>",,244.98,244.98,,,,,,,
DogtraBundle-38,DogtraBundle-38,,,,,,,,,,"Dogtra ARC Remote Trainer Bundle With Dogtra 1"" X 30"" Collar Strap - Orange","This Bundle Contains: 1 Dogtra ARC Remote Trainer + 1 Dogtra 1"" X 30"" Collar Strap - Orange<br><b>Dogtra ARC Remote Trainer</b><br>The Dogtra ARC Remote Trainer is a low profile receiver collar that is ergonomically shaped to your dog’s neck. The checkered grips on the handheld transmitter allow you to always have a firm grip of the training at hand. The ARC is a low to medium output e-collar designed for all breeds with medium to soft temperaments.<br><br><b>Dogtra 1"" X 30"" Collar Strap - Orange</b><br> Technical Features for Dogtra 1"" X 30"" Collar Strap - A metal rollerbuckle is easy to fasten and the metal D-ring allows for quick connection to the leash.<br>",,244.98,244.98,,,,,,,
DogtraBundle-39,DogtraBundle-39,,,,,,,,,,"Dogtra ARC Remote Trainer Bundle With Dogtra 1"" X 30"" Collar Strap - Blue","This Bundle Contains: 1 Dogtra ARC Remote Trainer + 1 Dogtra 1"" X 30"" Collar Strap - Blue<br><b>Dogtra ARC Remote Trainer</b><br>The Dogtra ARC Remote Trainer is a low profile receiver collar that is ergonomically shaped to your dog’s neck. The checkered grips on the handheld transmitter allow you to always have a firm grip of the training at hand. The ARC is a low to medium output e-collar designed for all breeds with medium to soft temperaments.<br><br><b>Dogtra 1"" X 30"" Collar Strap - Blue</b><br> Technical Features for Dogtra 1"" X 30"" Collar Strap - A metal rollerbuckle is easy to fasten and the metal D-ring allows for quick connection to the leash.<br>",,244.98,244.98,,,,,,,
DogtraBundle-40,DogtraBundle-40,,,,,,,,,,"Dogtra ARC Remote Trainer Bundle With Dogtra 1"" X 30"" Collar Strap - Green","This Bundle Contains: 1 Dogtra ARC Remote Trainer + 1 Dogtra 1"" X 30"" Collar Strap - Green<br><b>Dogtra ARC Remote Trainer</b><br>The Dogtra ARC Remote Trainer is a low profile receiver collar that is ergonomically shaped to your dog’s neck. The checkered grips on the handheld transmitter allow you to always have a firm grip of the training at hand. The ARC is a low to medium output e-collar designed for all breeds with medium to soft temperaments.<br><br><b>Dogtra 1"" X 30"" Collar Strap - Green</b><br> Technical Features for Dogtra 1"" X 30"" Collar Strap - A metal rollerbuckle is easy to fasten and the metal D-ring allows for quick connection to the leash.<br>",,244.98,244.98,,,,,,,
DogtraBundle-41,DogtraBundle-41,,,,,,,,,,Dogtra ARC Remote Trainer Bundle With Dogtra Auto Charger BC10AUTO Car Charger,"This Bundle Contains: 1 Dogtra ARC Remote Trainer + 1 Dogtra Auto Charger BC10AUTO Car Charger<br><b>Dogtra ARC Remote Trainer</b><br>The Dogtra ARC Remote Trainer is a low profile receiver collar that is ergonomically shaped to your dog’s neck. The checkered grips on the handheld transmitter allow you to always have a firm grip of the training at hand. The ARC is a low to medium output e-collar designed for all breeds with medium to soft temperaments.<br><br><b>Dogtra Auto Charger BC10AUTO Car Charger</b><br>The Dogtra BC10 Auto is a replacement battery charger for 1902S, 2300, 2500T&B, 3500 series dog training collars.<br>",,264.98,264.98,,,,,,,
DogtraBundle-42,DogtraBundle-42,,,,,,,,,,"Dogtra ARC HANDSFREE Remote Trainer with Handsfree Controller Bundle With Dogtra 1"" X 30"" Collar Strap - Black","This Bundle Contains: 1 Dogtra ARC HANDSFREE Remote Trainer with Handsfree Controller + 1 Dogtra 1"" X 30"" Collar Strap - Black<br><b>Dogtra ARC HANDSFREE Remote Trainer with Handsfree Controller</b><br>The Dogtra ARC HANDSFREE is a e-collar Remote Trainer with a low profile receiver collar that is ergonomically shaped to your dog’s neck. The main thing in the ARC HANDSFREE is the Handsfree Remote Controller, which gives you the freedom to multitask and have discrete control. The checkered grips on the handheld transmitter allow you to always have a firm grip of the training at hand. The ARC is a low to medium output e-collar designed for all breeds with medium to soft temperaments.<br><br><b>Dogtra 1"" X 30"" Collar Strap - Black</b><br> Technical Features for Dogtra 1"" X 30"" Collar Strap - A metal rollerbuckle is easy to fasten and the metal D-ring allows for quick connection to the leash.<br>",,259.98,259.98,,,,,,,
DogtraBundle-43,DogtraBundle-43,,,,,,,,,,"Dogtra ARC HANDSFREE Remote Trainer with Handsfree Controller Bundle With Dogtra 1"" X 30"" Collar Strap - Orange","This Bundle Contains: 1 Dogtra ARC HANDSFREE Remote Trainer with Handsfree Controller + 1 Dogtra 1"" X 30"" Collar Strap - Orange<br><b>Dogtra ARC HANDSFREE Remote Trainer with Handsfree Controller</b><br>The Dogtra ARC HANDSFREE is a e-collar Remote Trainer with a low profile receiver collar that is ergonomically shaped to your dog’s neck. The main thing in the ARC HANDSFREE is the Handsfree Remote Controller, which gives you the freedom to multitask and have discrete control. The checkered grips on the handheld transmitter allow you to always have a firm grip of the training at hand. The ARC is a low to medium output e-collar designed for all breeds with medium to soft temperaments.<br><br><b>Dogtra 1"" X 30"" Collar Strap - Orange</b><br> Technical Features for Dogtra 1"" X 30"" Collar Strap - A metal rollerbuckle is easy to fasten and the metal D-ring allows for quick connection to the leash.<br>",,259.98,259.98,,,,,,,
DogtraBundle-44,DogtraBundle-44,,,,,,,,,,"Dogtra ARC HANDSFREE Remote Trainer with Handsfree Controller Bundle With Dogtra 1"" X 30"" Collar Strap - Blue","This Bundle Contains: 1 Dogtra ARC HANDSFREE Remote Trainer with Handsfree Controller + 1 Dogtra 1"" X 30"" Collar Strap - Blue<br><b>Dogtra ARC HANDSFREE Remote Trainer with Handsfree Controller</b><br>The Dogtra ARC HANDSFREE is a e-collar Remote Trainer with a low profile receiver collar that is ergonomically shaped to your dog’s neck. The main thing in the ARC HANDSFREE is the Handsfree Remote Controller, which gives you the freedom to multitask and have discrete control. The checkered grips on the handheld transmitter allow you to always have a firm grip of the training at hand. The ARC is a low to medium output e-collar designed for all breeds with medium to soft temperaments.<br><br><b>Dogtra 1"" X 30"" Collar Strap - Blue</b><br> Technical Features for Dogtra 1"" X 30"" Collar Strap - A metal rollerbuckle is easy to fasten and the metal D-ring allows for quick connection to the leash.<br>",,259.98,259.98,,,,,,,
DogtraBundle-45,DogtraBundle-45,,,,,,,,,,"Dogtra ARC HANDSFREE Remote Trainer with Handsfree Controller Bundle With Dogtra 1"" X 30"" Collar Strap - Green","This Bundle Contains: 1 Dogtra ARC HANDSFREE Remote Trainer with Handsfree Controller + 1 Dogtra 1"" X 30"" Collar Strap - Green<br><b>Dogtra ARC HANDSFREE Remote Trainer with Handsfree Controller</b><br>The Dogtra ARC HANDSFREE is a e-collar Remote Trainer with a low profile receiver collar that is ergonomically shaped to your dog’s neck. The main thing in the ARC HANDSFREE is the Handsfree Remote Controller, which gives you the freedom to multitask and have discrete control. The checkered grips on the handheld transmitter allow you to always have a firm grip of the training at hand. The ARC is a low to medium output e-collar designed for all breeds with medium to soft temperaments.<br><br><b>Dogtra 1"" X 30"" Collar Strap - Green</b><br> Technical Features for Dogtra 1"" X 30"" Collar Strap - A metal rollerbuckle is easy to fasten and the metal D-ring allows for quick connection to the leash.<br>",,259.98,259.98,,,,,,,
DogtraBundle-46,DogtraBundle-46,,,,,,,,,,Dogtra ARC HANDSFREE Remote Trainer with Handsfree Controller Bundle With Dogtra Auto Charger BC10AUTO Car Charger,"This Bundle Contains: 1 Dogtra ARC HANDSFREE Remote Trainer with Handsfree Controller + 1 Dogtra Auto Charger BC10AUTO Car Charger<br><b>Dogtra ARC HANDSFREE Remote Trainer with Handsfree Controller</b><br>The Dogtra ARC HANDSFREE is a e-collar Remote Trainer with a low profile receiver collar that is ergonomically shaped to your dog’s neck. The main thing in the ARC HANDSFREE is the Handsfree Remote Controller, which gives you the freedom to multitask and have discrete control. The checkered grips on the handheld transmitter allow you to always have a firm grip of the training at hand. The ARC is a low to medium output e-collar designed for all breeds with medium to soft temperaments.<br><br><b>Dogtra Auto Charger BC10AUTO Car Charger</b><br>The Dogtra BC10 Auto is a replacement battery charger for 1902S, 2300, 2500T&B, 3500 series dog training collars.<br>",,279.98,279.98,,,,,,,
DogtraBundle-47,DogtraBundle-47,,,,,,,,,,"Dogtra YS300 No Bark Collar Bundle With Dogtra 3/4"" X 24"" Collar Strap - Black","This Bundle Contains: 1 Dogtra YS300 No Bark Collar + 1 Dogtra 3/4"" X 24"" Collar Strap - Black<br><b>Dogtra YS300 No Bark Collar</b><br>YS300 No-Bark Collar. For dogs 10 pounds and up. Bark recognition; distinguishes bark from surrounding noises. 6 intensity levels. Non-electrical stimulation warning. 2-hour rapid charge Lithium Polymer batteries. LED battery life indicator. Fully waterproof. Charger included<br><br><b>3/4"" X 24"" Collar Strap - Black</b><br> Technical Features for Dogtra 3/4"" x 28"" Collar Strap - A metal rollerbuckle is easy to fasten and the metal D-ring allows for quick connection to the leash.<br>",,94.98,94.98,,,,,,,
DogtraBundle-48,DogtraBundle-48,,,,,,,,,,Dogtra YS300 No Bark Collar Bundle With Dogtra BC5AUTO Auto Charger,"This Bundle Contains: 1 Dogtra YS300 No Bark Collar + 1 Dogtra BC5AUTO Auto Charger<br><b>Dogtra YS300 No Bark Collar</b><br>YS300 No-Bark Collar. For dogs 10 pounds and up. Bark recognition; distinguishes bark from surrounding noises. 6 intensity levels. Non-electrical stimulation warning. 2-hour rapid charge Lithium Polymer batteries. LED battery life indicator. Fully waterproof. Charger included<br><br><b>Dogtra BC5AUTO Auto Charger</b><br>The Dogtra BC5AUTO is a 5 Volt battery charger for lithium-polymer batteries. It works with 200C, 280C, EF-3000 Gold receiver iQ Series dog training collars.<br>",,114.98,114.98,,,,,,,
DogtraBundle-49,DogtraBundle-49,,,,,,,,,,"Dogtra YS600 No Bark Collar Bundle With Dogtra 1"" X 30"" Collar Strap - Black","This Bundle Contains: 1 Dogtra YS600 No Bark Collar + 1 Dogtra 1"" X 30"" Collar Strap - Black<br><b>Dogtra YS600 No Bark Collar</b><br>Ultra-Compact Receiver/Collar. Water Resistant Receiver/Collar. Vocal Cord Sensor. Low to Medium Power Stimulation. Stimulation Levels 1-6. For Dogs as Small as 10 lbs.. Enhanced contact points. Superior advanced bark sensor.. Pager vibration feature.. 2 hour rapid charge batteries. Replaceable Coin Lithium Batteries Included. Built-in Accelerometer Bark Sensor. Perfect for dogs that are 35 lbs. or more<br><br><b>Dogtra 1"" X 30"" Collar Strap - Black</b><br> Technical Features for Dogtra 1"" X 30"" Collar Strap - A metal rollerbuckle is easy to fasten and the metal D-ring allows for quick connection to the leash.<br>",,99.98,99.98,,,,,,,
DogtraBundle-50,DogtraBundle-50,,,,,,,,,,"Dogtra YS600 No Bark Collar Bundle With Dogtra 1"" X 30"" Collar Strap - Orange","This Bundle Contains: 1 Dogtra YS600 No Bark Collar + 1 Dogtra 1"" X 30"" Collar Strap - Orange<br><b>Dogtra YS600 No Bark Collar</b><br>Ultra-Compact Receiver/Collar. Water Resistant Receiver/Collar. Vocal Cord Sensor. Low to Medium Power Stimulation. Stimulation Levels 1-6. For Dogs as Small as 10 lbs.. Enhanced contact points. Superior advanced bark sensor.. Pager vibration feature.. 2 hour rapid charge batteries. Replaceable Coin Lithium Batteries Included. Built-in Accelerometer Bark Sensor. Perfect for dogs that are 35 lbs. or more<br><br><b>Dogtra 1"" X 30"" Collar Strap - Orange</b><br> Technical Features for Dogtra 1"" X 30"" Collar Strap - A metal rollerbuckle is easy to fasten and the metal D-ring allows for quick connection to the leash.<br>",,99.98,99.98,,,,,,,
DogtraBundle-51,DogtraBundle-51,,,,,,,,,,"Dogtra YS600 No Bark Collar Bundle With Dogtra 1"" X 30"" Collar Strap - Blue","This Bundle Contains: 1 Dogtra YS600 No Bark Collar + 1 Dogtra 1"" X 30"" Collar Strap - Blue<br><b>Dogtra YS600 No Bark Collar</b><br>Ultra-Compact Receiver/Collar. Water Resistant Receiver/Collar. Vocal Cord Sensor. Low to Medium Power Stimulation. Stimulation Levels 1-6. For Dogs as Small as 10 lbs.. Enhanced contact points. Superior advanced bark sensor.. Pager vibration feature.. 2 hour rapid charge batteries. Replaceable Coin Lithium Batteries Included. Built-in Accelerometer Bark Sensor. Perfect for dogs that are 35 lbs. or more<br><br><b>Dogtra 1"" X 30"" Collar Strap - Blue</b><br> Technical Features for Dogtra 1"" X 30"" Collar Strap - A metal rollerbuckle is easy to fasten and the metal D-ring allows for quick connection to the leash.<br>",,99.98,99.98,,,,,,,
DogtraBundle-52,DogtraBundle-52,,,,,,,,,,"Dogtra YS600 No Bark Collar Bundle With Dogtra 1"" X 30"" Collar Strap - Green","This Bundle Contains: 1 Dogtra YS600 No Bark Collar + 1 Dogtra 1"" X 30"" Collar Strap - Green<br><b>Dogtra YS600 No Bark Collar</b><br>Ultra-Compact Receiver/Collar. Water Resistant Receiver/Collar. Vocal Cord Sensor. Low to Medium Power Stimulation. Stimulation Levels 1-6. For Dogs as Small as 10 lbs.. Enhanced contact points. Superior advanced bark sensor.. Pager vibration feature.. 2 hour rapid charge batteries. Replaceable Coin Lithium Batteries Included. Built-in Accelerometer Bark Sensor. Perfect for dogs that are 35 lbs. or more<br><br><b>Dogtra 1"" X 30"" Collar Strap - Green</b><br> Technical Features for Dogtra 1"" X 30"" Collar Strap - A metal rollerbuckle is easy to fasten and the metal D-ring allows for quick connection to the leash.<br>",,99.98,99.98,,,,,,,
DogtraBundle-53,DogtraBundle-53,,,,,,,,,,Dogtra YS600 No Bark Collar Bundle With Dogtra BC5AUTO Auto Charger,"This Bundle Contains: 1 Dogtra YS600 No Bark Collar + 1 Dogtra BC5AUTO Auto Charger<br><b>Dogtra YS600 No Bark Collar</b><br>Ultra-Compact Receiver/Collar. Water Resistant Receiver/Collar. Vocal Cord Sensor. Low to Medium Power Stimulation. Stimulation Levels 1-6. For Dogs as Small as 10 lbs.. Enhanced contact points. Superior advanced bark sensor.. Pager vibration feature.. 2 hour rapid charge batteries. Replaceable Coin Lithium Batteries Included. Built-in Accelerometer Bark Sensor. Perfect for dogs that are 35 lbs. or more<br><br><b>Dogtra BC5AUTO Auto Charger</b><br>The Dogtra BC5AUTO is a 5 Volt battery charger for lithium-polymer batteries. It works with 200C, 280C, EF-3000 Gold receiver iQ Series dog training collars.<br>",,119.98,119.98,,,,,,,
DogtraBundle-54,DogtraBundle-54,,,,,,,,,,"Dogtra 200C Remote Trainer Bundle With Dogtra 3/4"" x 28"" Collar Strap - Black","This Bundle Contains: 1 Dogtra 200C Remote Trainer + 1 Dogtra 3/4"" x 28"" Collar Strap - Black<br><b>Dogtra 200C Remote Trainer</b><br>The Dogtra 200C is a dog trainer system for one dog. This ultra-compact receiver/collar is designed for dogs as small as 10 lbs. Features 'Nick' and 'Constant' stimulation along with the High Performance Pager. The receiver and collar are fully waterproof. The patented front facing Rheostat Dial with 0-100 stimulation levels is conveniently located near your thumb for gradual and precise control.<br><br><b>Dogtra 3/4"" x 28"" Collar Strap - Black</b><br> Technical Features for Dogtra 3/4"" x 28"" Collar Strap - A metal rollerbuckle is easy to fasten and the metal D-ring allows for quick connection to the leash.<br>",,199.98,199.98,,,,,,,
DogtraBundle-55,DogtraBundle-55,,,,,,,,,,"Dogtra 200C Remote Trainer Bundle With Dogtra 3/4"" x 28"" Collar Strap - Orange","This Bundle Contains: 1 Dogtra 200C Remote Trainer + 1 Dogtra 3/4"" x 28"" Collar Strap - Orange<br><b>Dogtra 200C Remote Trainer</b><br>The Dogtra 200C is a dog trainer system for one dog. This ultra-compact receiver/collar is designed for dogs as small as 10 lbs. Features 'Nick' and 'Constant' stimulation along with the High Performance Pager. The receiver and collar are fully waterproof. The patented front facing Rheostat Dial with 0-100 stimulation levels is conveniently located near your thumb for gradual and precise control.<br><br><b>Dogtra 3/4"" x 28"" Collar Strap - Orange</b><br> Technical Features for Dogtra 3/4"" x 28"" Collar Strap - A metal rollerbuckle is easy to fasten and the metal D-ring allows for quick connection to the leash.<br>",,199.98,199.98,,,,,,,
DogtraBundle-56,DogtraBundle-56,,,,,,,,,,"Dogtra 200C Remote Trainer Bundle With Dogtra 3/4"" x 28"" Collar Strap - Blue","This Bundle Contains: 1 Dogtra 200C Remote Trainer + 1 Dogtra 3/4"" x 28"" Collar Strap - Blue<br><b>Dogtra 200C Remote Trainer</b><br>The Dogtra 200C is a dog trainer system for one dog. This ultra-compact receiver/collar is designed for dogs as small as 10 lbs. Features 'Nick' and 'Constant' stimulation along with the High Performance Pager. The receiver and collar are fully waterproof. The patented front facing Rheostat Dial with 0-100 stimulation levels is conveniently located near your thumb for gradual and precise control.<br><br><b>Dogtra 3/4"" x 28"" Collar Strap - Blue</b><br> Technical Features for Dogtra 3/4"" x 28"" Collar Strap - A metal rollerbuckle is easy to fasten and the metal D-ring allows for quick connection to the leash.<br>",,199.98,199.98,,,,,,,
DogtraBundle-57,DogtraBundle-57,,,,,,,,,,"Dogtra 200C Remote Trainer Bundle With Dogtra 3/4"" x 28"" Collar Strap - Green","This Bundle Contains: 1 Dogtra 200C Remote Trainer + 1 Dogtra 3/4"" x 28"" Collar Strap - Green<br><b>Dogtra 200C Remote Trainer</b><br>The Dogtra 200C is a dog trainer system for one dog. This ultra-compact receiver/collar is designed for dogs as small as 10 lbs. Features 'Nick' and 'Constant' stimulation along with the High Performance Pager. The receiver and collar are fully waterproof. The patented front facing Rheostat Dial with 0-100 stimulation levels is conveniently located near your thumb for gradual and precise control.<br><br><b>Dogtra 3/4"" x 28"" Collar Strap - Green</b><br> Technical Features for Dogtra 3/4"" x 28"" Collar Strap - A metal rollerbuckle is easy to fasten and the metal D-ring allows for quick connection to the leash.<br>",,199.98,199.98,,,,,,,
DogtraBundle-58,DogtraBundle-58,,,,,,,,,,Dogtra 200C Remote Trainer Bundle With Dogtra BC5AUTO Auto Charger,"This Bundle Contains: 1 Dogtra 200C Remote Trainer + 1 Dogtra BC5AUTO Auto Charger<br><b>Dogtra 200C Remote Trainer</b><br>The Dogtra 200C is a dog trainer system for one dog. This ultra-compact receiver/collar is designed for dogs as small as 10 lbs. Features 'Nick' and 'Constant' stimulation along with the High Performance Pager. The receiver and collar are fully waterproof. The patented front facing Rheostat Dial with 0-100 stimulation levels is conveniently located near your thumb for gradual and precise control.<br><br><b>Dogtra BC5AUTO Auto Charger</b><br>The Dogtra BC5AUTO is a 5 Volt battery charger for lithium-polymer batteries. It works with 200C, 280C, EF-3000 Gold receiver iQ Series dog training collars.<br>",,219.98,219.98,,,,,,,
DogtraBundle-59,DogtraBundle-59,,,,,,,,,,"Dogtra 280C Remote Trainer Bundle With Dogtra 3/4"" x 28"" Collar Strap - Black","This Bundle Contains: 1 Dogtra 280C Remote Trainer + 1 Dogtra 3/4"" x 28"" Collar Strap - Black<br><b>Dogtra 280C Remote Trainer</b><br>The Dogtra 280C is an e-collar offering all the key essentials for dog training in an ultra-compact unit without sacrificing the benefits of a remote training tool. It is an ultra-compact system that packs all the features of the larger units but designed for dogs as small as 10 lbs.The handheld transmitter and receiver/collar features 2-hour rapid charge batteries, along with a 1/2-mile range. The Dogtra 280C e-collar is packaged with the smallest ultra-compact receiver from Dogtra that offers Low-Mid stimulation from 1-127 levels at your fingertips. The 1-127 stimulation level is controlled by a Rheostat Intensity Dial, a Dogtra's own patented technology.<br><br><b>Dogtra 3/4"" x 28"" Collar Strap - Black</b><br> Technical Features for Dogtra 3/4"" x 28"" Collar Strap - A metal rollerbuckle is easy to fasten and the metal D-ring allows for quick connection to the leash.<br>",,224.98,224.98,,,,,,,
DogtraBundle-60,DogtraBundle-60,,,,,,,,,,"Dogtra 280C Remote Trainer Bundle With Dogtra 3/4"" x 28"" Collar Strap - Orange","This Bundle Contains: 1 Dogtra 280C Remote Trainer + 1 Dogtra 3/4"" x 28"" Collar Strap - Orange<br><b>Dogtra 280C Remote Trainer</b><br>The Dogtra 280C is an e-collar offering all the key essentials for dog training in an ultra-compact unit without sacrificing the benefits of a remote training tool. It is an ultra-compact system that packs all the features of the larger units but designed for dogs as small as 10 lbs.The handheld transmitter and receiver/collar features 2-hour rapid charge batteries, along with a 1/2-mile range. The Dogtra 280C e-collar is packaged with the smallest ultra-compact receiver from Dogtra that offers Low-Mid stimulation from 1-127 levels at your fingertips. The 1-127 stimulation level is controlled by a Rheostat Intensity Dial, a Dogtra's own patented technology.<br><br><b>Dogtra 3/4"" x 28"" Collar Strap - Orange</b><br> Technical Features for Dogtra 3/4"" x 28"" Collar Strap - A metal rollerbuckle is easy to fasten and the metal D-ring allows for quick connection to the leash.<br>",,224.98,224.98,,,,,,,
DogtraBundle-61,DogtraBundle-61,,,,,,,,,,"Dogtra 280C Remote Trainer Bundle With Dogtra 3/4"" x 28"" Collar Strap - Blue","This Bundle Contains: 1 Dogtra 280C Remote Trainer + 1 Dogtra 3/4"" x 28"" Collar Strap - Blue<br><b>Dogtra 280C Remote Trainer</b><br>The Dogtra 280C is an e-collar offering all the key essentials for dog training in an ultra-compact unit without sacrificing the benefits of a remote training tool. It is an ultra-compact system that packs all the features of the larger units but designed for dogs as small as 10 lbs.The handheld transmitter and receiver/collar features 2-hour rapid charge batteries, along with a 1/2-mile range. The Dogtra 280C e-collar is packaged with the smallest ultra-compact receiver from Dogtra that offers Low-Mid stimulation from 1-127 levels at your fingertips. The 1-127 stimulation level is controlled by a Rheostat Intensity Dial, a Dogtra's own patented technology.<br><br><b>Dogtra 3/4"" x 28"" Collar Strap - Blue</b><br> Technical Features for Dogtra 3/4"" x 28"" Collar Strap - A metal rollerbuckle is easy to fasten and the metal D-ring allows for quick connection to the leash.<br>",,224.98,224.98,,,,,,,
DogtraBundle-62,DogtraBundle-62,,,,,,,,,,"Dogtra 280C Remote Trainer Bundle With Dogtra 3/4"" x 28"" Collar Strap - Green","This Bundle Contains: 1 Dogtra 280C Remote Trainer + 1 Dogtra 3/4"" x 28"" Collar Strap - Green<br><b>Dogtra 280C Remote Trainer</b><br>The Dogtra 280C is an e-collar offering all the key essentials for dog training in an ultra-compact unit without sacrificing the benefits of a remote training tool. It is an ultra-compact system that packs all the features of the larger units but designed for dogs as small as 10 lbs.The handheld transmitter and receiver/collar features 2-hour rapid charge batteries, along with a 1/2-mile range. The Dogtra 280C e-collar is packaged with the smallest ultra-compact receiver from Dogtra that offers Low-Mid stimulation from 1-127 levels at your fingertips. The 1-127 stimulation level is controlled by a Rheostat Intensity Dial, a Dogtra's own patented technology.<br><br><b>Dogtra 3/4"" x 28"" Collar Strap - Green</b><br> Technical Features for Dogtra 3/4"" x 28"" Collar Strap - A metal rollerbuckle is easy to fasten and the metal D-ring allows for quick connection to the leash.<br>",,224.98,224.98,,,,,,,
DogtraBundle-63,DogtraBundle-63,,,,,,,,,,Dogtra 280C Remote Trainer Bundle With Dogtra BC5AUTO Auto Charger,"This Bundle Contains: 1 Dogtra 280C Remote Trainer + 1 Dogtra BC5AUTO Auto Charger<br><b>Dogtra 280C Remote Trainer</b><br>The Dogtra 280C is an e-collar offering all the key essentials for dog training in an ultra-compact unit without sacrificing the benefits of a remote training tool. It is an ultra-compact system that packs all the features of the larger units but designed for dogs as small as 10 lbs.The handheld transmitter and receiver/collar features 2-hour rapid charge batteries, along with a 1/2-mile range. The Dogtra 280C e-collar is packaged with the smallest ultra-compact receiver from Dogtra that offers Low-Mid stimulation from 1-127 levels at your fingertips. The 1-127 stimulation level is controlled by a Rheostat Intensity Dial, a Dogtra's own patented technology.<br><br><b>Dogtra BC5AUTO Auto Charger</b><br>The Dogtra BC5AUTO is a 5 Volt battery charger for lithium-polymer batteries. It works with 200C, 280C, EF-3000 Gold receiver iQ Series dog training collars.<br>",,244.98,244.98,,,,,,,
DogtraBundle-64,DogtraBundle-64,,,,,,,,,,"Dogtra 282C Two-Dog Remote Trainer Bundle With Dogtra 3/4"" x 28"" Collar Strap - Black","This Bundle Contains: 1 Dogtra 282C Two-Dog Remote Trainer + 1 Dogtra 3/4"" x 28"" Collar Strap - Black<br><b>Dogtra 282C Two-Dog Remote Trainer</b><br>The Dogtra 282C is an e-collar offering all the key essentials for dog training in an ultra-compact unit without sacrificing the benefits of a remote training tool. It is an ultra-compact system that packs all the features of the larger units but designed for dogs as small as 10 lbs.The handheld transmitter and receivers/collars features 2-hour rapid charge batteries, along with a 1/2-mile range. The Dogtra 280C e-collar is packaged with Two smallest ultra-compact receivers for a Two dogs that offers Low-Mid stimulation from 1-127 levels at your fingertips. The 1-127 stimulation level is controlled by a Rheostat Intensity Dial, a Dogtra's own patented technology.<br><br><b>Dogtra 3/4"" x 28"" Collar Strap - Black</b><br> Technical Features for Dogtra 3/4"" x 28"" Collar Strap - A metal rollerbuckle is easy to fasten and the metal D-ring allows for quick connection to the leash.<br>",,339.98,339.98,,,,,,,
DogtraBundle-65,DogtraBundle-65,,,,,,,,,,"Dogtra 282C Two-Dog Remote Trainer Bundle With Dogtra 3/4"" x 28"" Collar Strap - Orange","This Bundle Contains: 1 Dogtra 282C Two-Dog Remote Trainer + 1 Dogtra 3/4"" x 28"" Collar Strap - Orange<br><b>Dogtra 282C Two-Dog Remote Trainer</b><br>The Dogtra 282C is an e-collar offering all the key essentials for dog training in an ultra-compact unit without sacrificing the benefits of a remote training tool. It is an ultra-compact system that packs all the features of the larger units but designed for dogs as small as 10 lbs.The handheld transmitter and receivers/collars features 2-hour rapid charge batteries, along with a 1/2-mile range. The Dogtra 280C e-collar is packaged with Two smallest ultra-compact receivers for a Two dogs that offers Low-Mid stimulation from 1-127 levels at your fingertips. The 1-127 stimulation level is controlled by a Rheostat Intensity Dial, a Dogtra's own patented technology.<br><br><b>Dogtra 3/4"" x 28"" Collar Strap - Orange</b><br> Technical Features for Dogtra 3/4"" x 28"" Collar Strap - A metal rollerbuckle is easy to fasten and the metal D-ring allows for quick connection to the leash.<br>",,339.98,339.98,,,,,,,
DogtraBundle-66,DogtraBundle-66,,,,,,,,,,"Dogtra 282C Two-Dog Remote Trainer Bundle With Dogtra 3/4"" x 28"" Collar Strap - Blue","This Bundle Contains: 1 Dogtra 282C Two-Dog Remote Trainer + 1 Dogtra 3/4"" x 28"" Collar Strap - Blue<br><b>Dogtra 282C Two-Dog Remote Trainer</b><br>The Dogtra 282C is an e-collar offering all the key essentials for dog training in an ultra-compact unit without sacrificing the benefits of a remote training tool. It is an ultra-compact system that packs all the features of the larger units but designed for dogs as small as 10 lbs.The handheld transmitter and receivers/collars features 2-hour rapid charge batteries, along with a 1/2-mile range. The Dogtra 280C e-collar is packaged with Two smallest ultra-compact receivers for a Two dogs that offers Low-Mid stimulation from 1-127 levels at your fingertips. The 1-127 stimulation level is controlled by a Rheostat Intensity Dial, a Dogtra's own patented technology.<br><br><b>Dogtra 3/4"" x 28"" Collar Strap - Blue</b><br> Technical Features for Dogtra 3/4"" x 28"" Collar Strap - A metal rollerbuckle is easy to fasten and the metal D-ring allows for quick connection to the leash.<br>",,339.98,339.98,,,,,,,
DogtraBundle-67,DogtraBundle-67,,,,,,,,,,"Dogtra 282C Two-Dog Remote Trainer Bundle With Dogtra 3/4"" x 28"" Collar Strap - Green","This Bundle Contains: 1 Dogtra 282C Two-Dog Remote Trainer + 1 Dogtra 3/4"" x 28"" Collar Strap - Green<br><b>Dogtra 282C Two-Dog Remote Trainer</b><br>The Dogtra 282C is an e-collar offering all the key essentials for dog training in an ultra-compact unit without sacrificing the benefits of a remote training tool. It is an ultra-compact system that packs all the features of the larger units but designed for dogs as small as 10 lbs.The handheld transmitter and receivers/collars features 2-hour rapid charge batteries, along with a 1/2-mile range. The Dogtra 280C e-collar is packaged with Two smallest ultra-compact receivers for a Two dogs that offers Low-Mid stimulation from 1-127 levels at your fingertips. The 1-127 stimulation level is controlled by a Rheostat Intensity Dial, a Dogtra's own patented technology.<br><br><b>Dogtra 3/4"" x 28"" Collar Strap - Green</b><br> Technical Features for Dogtra 3/4"" x 28"" Collar Strap - A metal rollerbuckle is easy to fasten and the metal D-ring allows for quick connection to the leash.<br>",,339.98,339.98,,,,,,,
DogtraBundle-68,DogtraBundle-68,,,,,,,,,,Dogtra 282C Two-Dog Remote Trainer Bundle With Dogtra BC5AUTO Auto Charger,"This Bundle Contains: 1 Dogtra 282C Two-Dog Remote Trainer + 1 Dogtra BC5AUTO Auto Charger<br><b>Dogtra 282C Two-Dog Remote Trainer</b><br>The Dogtra 282C is an e-collar offering all the key essentials for dog training in an ultra-compact unit without sacrificing the benefits of a remote training tool. It is an ultra-compact system that packs all the features of the larger units but designed for dogs as small as 10 lbs.The handheld transmitter and receivers/collars features 2-hour rapid charge batteries, along with a 1/2-mile range. The Dogtra 280C e-collar is packaged with Two smallest ultra-compact receivers for a Two dogs that offers Low-Mid stimulation from 1-127 levels at your fingertips. The 1-127 stimulation level is controlled by a Rheostat Intensity Dial, a Dogtra's own patented technology.<br><br><b>Dogtra BC5AUTO Auto Charger</b><br>The Dogtra BC5AUTO is a 5 Volt battery charger for lithium-polymer batteries. It works with 200C, 280C, EF-3000 Gold receiver iQ Series dog training collars.<br>",,359.98,359.98,,,,,,,
DogtraBundle-69,DogtraBundle-69,,,,,,,,,,"Dogtra 202C Two-Dog Remote Trainer Bundle With Dogtra 3/4"" x 28"" Collar Strap - Black","This Bundle Contains: 1 Dogtra 202C Two-Dog Remote Trainer + 1 Dogtra 3/4"" x 28"" Collar Strap - Black<br><b>Dogtra 202C Two-Dog Remote Trainer</b><br>The Dogtra 202C is a dog trainer system for two small dogs. This ultra-compact receiver/collar is designed for dogs as small as 10 lbs. Features 'Nick' and 'Constant' stimulation along with the High-Performance Pager. The receiver and collar are fully waterproof. The patented front facing Rheostat Dial with 0-100 stimulation levels is conveniently located near your thumb for gradual and precise control.<br><br><b>Dogtra 3/4"" x 28"" Collar Strap - Black</b><br> Technical Features for Dogtra 3/4"" x 28"" Collar Strap - A metal rollerbuckle is easy to fasten and the metal D-ring allows for quick connection to the leash.<br>",,309.98,309.98,,,,,,,
DogtraBundle-70,DogtraBundle-70,,,,,,,,,,"Dogtra 202C Two-Dog Remote Trainer Bundle With Dogtra 3/4"" x 28"" Collar Strap - Orange","This Bundle Contains: 1 Dogtra 202C Two-Dog Remote Trainer + 1 Dogtra 3/4"" x 28"" Collar Strap - Orange<br><b>Dogtra 202C Two-Dog Remote Trainer</b><br>The Dogtra 202C is a dog trainer system for two small dogs. This ultra-compact receiver/collar is designed for dogs as small as 10 lbs. Features 'Nick' and 'Constant' stimulation along with the High-Performance Pager. The receiver and collar are fully waterproof. The patented front facing Rheostat Dial with 0-100 stimulation levels is conveniently located near your thumb for gradual and precise control.<br><br><b>Dogtra 3/4"" x 28"" Collar Strap - Orange</b><br> Technical Features for Dogtra 3/4"" x 28"" Collar Strap - A metal rollerbuckle is easy to fasten and the metal D-ring allows for quick connection to the leash.<br>",,309.98,309.98,,,,,,,
DogtraBundle-71,DogtraBundle-71,,,,,,,,,,"Dogtra 202C Two-Dog Remote Trainer Bundle With Dogtra 3/4"" x 28"" Collar Strap - Blue","This Bundle Contains: 1 Dogtra 202C Two-Dog Remote Trainer + 1 Dogtra 3/4"" x 28"" Collar Strap - Blue<br><b>Dogtra 202C Two-Dog Remote Trainer</b><br>The Dogtra 202C is a dog trainer system for two small dogs. This ultra-compact receiver/collar is designed for dogs as small as 10 lbs. Features 'Nick' and 'Constant' stimulation along with the High-Performance Pager. The receiver and collar are fully waterproof. The patented front facing Rheostat Dial with 0-100 stimulation levels is conveniently located near your thumb for gradual and precise control.<br><br><b>Dogtra 3/4"" x 28"" Collar Strap - Blue</b><br> Technical Features for Dogtra 3/4"" x 28"" Collar Strap - A metal rollerbuckle is easy to fasten and the metal D-ring allows for quick connection to the leash.<br>",,309.98,309.98,,,,,,,
DogtraBundle-72,DogtraBundle-72,,,,,,,,,,"Dogtra 202C Two-Dog Remote Trainer Bundle With Dogtra 3/4"" x 28"" Collar Strap - Green","This Bundle Contains: 1 Dogtra 202C Two-Dog Remote Trainer + 1 Dogtra 3/4"" x 28"" Collar Strap - Green<br><b>Dogtra 202C Two-Dog Remote Trainer</b><br>The Dogtra 202C is a dog trainer system for two small dogs. This ultra-compact receiver/collar is designed for dogs as small as 10 lbs. Features 'Nick' and 'Constant' stimulation along with the High-Performance Pager. The receiver and collar are fully waterproof. The patented front facing Rheostat Dial with 0-100 stimulation levels is conveniently located near your thumb for gradual and precise control.<br><br><b>Dogtra 3/4"" x 28"" Collar Strap - Green</b><br> Technical Features for Dogtra 3/4"" x 28"" Collar Strap - A metal rollerbuckle is easy to fasten and the metal D-ring allows for quick connection to the leash.<br>",,309.98,309.98,,,,,,,
DogtraBundle-73,DogtraBundle-73,,,,,,,,,,Dogtra 202C Two-Dog Remote Trainer Bundle With Dogtra BC5AUTO Auto Charger,"This Bundle Contains: 1 Dogtra 202C Two-Dog Remote Trainer + 1 Dogtra BC5AUTO Auto Charger<br><b>Dogtra 202C Two-Dog Remote Trainer</b><br>The Dogtra 202C is a dog trainer system for two small dogs. This ultra-compact receiver/collar is designed for dogs as small as 10 lbs. Features 'Nick' and 'Constant' stimulation along with the High-Performance Pager. The receiver and collar are fully waterproof. The patented front facing Rheostat Dial with 0-100 stimulation levels is conveniently located near your thumb for gradual and precise control.<br><br><b>Dogtra BC5AUTO Auto Charger</b><br>The Dogtra BC5AUTO is a 5 Volt battery charger for lithium-polymer batteries. It works with 200C, 280C, EF-3000 Gold receiver iQ Series dog training collars.<br>",,329.98,329.98,,,,,,,
DogtraBundle-74,DogtraBundle-74,,,,,,,,,,Dogtra 3500X DUAL DIAL Remote Training Collar Bundle With Dogtra Auto Charger BC10AUTO Car Charger,"This Bundle Contains: 1 Dogtra 3500X DUAL DIAL Remote Training Collar + 1 Dogtra Auto Charger BC10AUTO Car Charger<br><b>Dogtra 3500X DUAL DIAL Remote Training Collar</b><br>The Dogtra 3500X is packaged with a professional grade DUAL DIAL transmitter and IPX9K certified waterproof receiver. The unit is fully waterproof with a 1.5 mile range. It offers 8 levels of Nick/Constant stimulation as well as features High Performance Pager Vibration. The receiver is equipped with Stimulation Level Lock, HPP vibration, audible tone, 8-level Selector Dial, and expandable DUAL DIAL for independent 2-dog control. The 3500X remote training collar comes with a dimmable OLED screen and two sets of the Selector Dial and buttons dedicated to each collar, which allows flawless and effective operation of the collars without switching levels back and forth.<br><br><b>Dogtra Auto Charger BC10AUTO Car Charger</b><br>The Dogtra BC10 Auto is a replacement battery charger for 1902S, 2300, 2500T&B, 3500 series dog training collars.<br>",,399.98,399.98,,,,,,,
DogtraBundle-75,DogtraBundle-75,,,,,,,,,,Dogtra 3502X Remote Trainer Bundle With Dogtra Auto Charger BC10AUTO Car Charger,"This Bundle Contains: 1 Dogtra 3502X Remote Trainer + 1 Dogtra Auto Charger BC10AUTO Car Charger<br><b>Dogtra 3502X Remote Trainer</b><br>The Dogtra 3502X is designed for advanced handlers and features grade DUAL DIAL transmitter and IPX9K certified waterproof receiver. It comes with 1.5-mile range, Stimulation Level Lock, single-button Nick/Constant stimulation, HPP vibration, audible tone, 8-level Selector Dial, and expandable DUAL DIAL for independent 2-dog control. The expandable DUAL DIAL transmitter of the 3502X comes with a dimmable OLED screen and two sets of the Selector Dial and buttons dedicated to each collar, which allows seamless and effective operation of the collars without switching levels back and forth. It is an ideal tool for elevating hunting/competition performance or training tactical K-9 operation..<br><br><b>Dogtra Auto Charger BC10AUTO Car Charger</b><br>The Dogtra BC10 Auto is a replacement battery charger for 1902S, 2300, 2500T&B, 3500 series dog training collars.<br>",,529.98,529.98,,,,,,,
